Product_Category,Quantity,Total_Amount,AOV
Electronics,1379,2328806.81,1688.764909354605
Home & Garden,1353,908348.86,671.3590983000739
Sports,1519,754563.56,496.7502040816327
Fashion,1411,375214.93,265.92128277817153
Toys,1368,223142.48,163.1158479532164
Beauty,1424,156584.74,109.96119382022471
Food,1355,96138.67,70.9510479704797
Books,1291,72744.52,56.34742060418281
